{"_runtime":54.5053869,"_step":19,"auc":49.96,"_wandb":{"runtime":54},"acc":20.14,"_timestamp":1.741623753733564e+09}