{"_wandb":{"runtime":46},"_timestamp":1.7416128756268013e+09,"_runtime":46.3206388,"_step":19,"auc":50.23,"acc":20.1}