{"_step":0,"auc":47.38,"_wandb":{"runtime":7},"acc":6.29,"_timestamp":1.74127351513841e+09,"_runtime":7.0975636}