{"_step":9,"_wandb":{"runtime":28},"auc":56.54,"acc":6.29,"_timestamp":1.741269147496531e+09,"_runtime":28.1721829}