{"_runtime":6.5913388,"_step":0,"auc":50.2,"_wandb":{"runtime":6},"acc":3.92,"_timestamp":1.741252085206655e+09}