{"_runtime":69.0829803,"_step":19,"auc":55.06,"acc":6.29,"_timestamp":1.7412731021730673e+09,"_wandb":{"runtime":69}}