{"auc":49.41,"acc":20.16,"_wandb":{"runtime":53},"_timestamp":1.7416244517695246e+09,"_runtime":53.6893862,"_step":19}