{"auc":71.58,"acc":53.19,"_wandb":{"runtime":44},"_timestamp":1.7416218027498395e+09,"_runtime":44.4441482,"_step":19}