{"_wandb":{"runtime":306},"acc":6.29,"_timestamp":1.741272821064551e+09,"_runtime":306.8410415,"_step":99,"auc":54.47}