{"_wandb":{"runtime":38},"auc":49.85,"acc":6.29,"_timestamp":1.741357454647223e+09,"_runtime":38.7282647,"_step":9}