{"_runtime":31.4287611,"_step":9,"_wandb":{"runtime":31},"auc":67.47,"acc":52.35,"_timestamp":1.741359405945406e+09}