{"_wandb":{"runtime":57},"acc":19.88,"_timestamp":1.7416234622248209e+09,"_runtime":57.3582295,"_step":19,"auc":50.19}