{"_runtime":58.7405567,"_wandb":{"runtime":58},"_step":19,"auc":49.49,"acc":20.04,"_timestamp":1.7416157466257098e+09}