{"_step":19,"auc":49.41,"acc":20.16,"_wandb":{"runtime":54},"_timestamp":1.741623583817362e+09,"_runtime":54.7649835}