{"_wandb":{"runtime":57},"auc":69,"acc":52.25,"_timestamp":1.7413595939775565e+09,"_runtime":57.1065045,"_step":19}