{"acc":51.09,"_timestamp":1.7419597874967237e+09,"_runtime":62.2178838,"_step":19,"_wandb":{"runtime":62},"auc":76.83}