{"auc":50.12,"_wandb":{"runtime":40},"acc":3.92,"_timestamp":1.7412530377034817e+09,"_runtime":40.7620039,"_step":9}