{"_timestamp":1.741271783803882e+09,"_runtime":38.4283187,"_step":9,"_wandb":{"runtime":38},"auc":54.79,"acc":6.29}