{"acc":52.56,"_timestamp":1.7416173591776276e+09,"_wandb":{"runtime":44},"_runtime":44.9029386,"_step":19,"auc":68.25}