{"auc":68.25,"acc":52.56,"_timestamp":1.741621529203253e+09,"_runtime":44.508855,"_step":19,"_wandb":{"runtime":44}}