{"_step":19,"_wandb":{"runtime":47},"auc":49.82,"acc":20.21,"_timestamp":1.741613268405343e+09,"_runtime":47.1849471}