{"acc":20.37,"_timestamp":1.741623889506847e+09,"_runtime":53.391662,"_step":19,"_wandb":{"runtime":53},"auc":50.06}