{"_step":19,"_wandb":{"runtime":45},"auc":63.28,"acc":21.5,"_timestamp":1.7416236769252203e+09,"_runtime":45.8836874}