{"_timestamp":1.7416239600954309e+09,"_runtime":44.5729316,"_step":19,"_wandb":{"runtime":44},"auc":63.12,"acc":3.92}