{"_runtime":44.6418277,"_step":19,"_wandb":{"runtime":44},"auc":68.91,"acc":49.56,"_timestamp":1.7416246996305027e+09}