{"acc":52.6,"_timestamp":1.7416216677202659e+09,"_runtime":44.6553904,"_step":19,"_wandb":{"runtime":44},"auc":70.65}