{"_step":9,"auc":50.12,"acc":3.92,"_timestamp":1.7412525110981133e+09,"_wandb":{"runtime":25},"_runtime":25.7209613}