{"_wandb":{"runtime":26},"auc":50.03,"acc":3.92,"_timestamp":1.7412576469184191e+09,"_runtime":26.1170235,"_step":9}