{"_wandb":{"runtime":25},"auc":49.85,"acc":6.29,"_timestamp":1.7412712646282675e+09,"_runtime":25.002357,"_step":9}