{"_wandb":{"runtime":54},"auc":50.34,"acc":21.23,"_timestamp":1.741621278660949e+09,"_runtime":54.8863411,"_step":19}