{"_wandb":{"runtime":47},"auc":69,"acc":52.25,"_timestamp":1.7416139909699056e+09,"_runtime":47.226773,"_step":19}