{"auc":56.54,"acc":6.29,"_timestamp":1.741268213998042e+09,"_runtime":27.7023634,"_step":9,"_wandb":{"runtime":27}}