{"_wandb":{"runtime":26},"acc":3.92,"_timestamp":1.7412578345257654e+09,"_runtime":26.9517311,"_step":9,"auc":50.03}