{"_wandb":{"runtime":24},"acc":6.29,"_timestamp":1.7412709965529048e+09,"_runtime":24.0760728,"_step":9,"auc":49.85}