{"acc":48.75,"_timestamp":1.7416160333912013e+09,"_runtime":45.9850919,"_wandb":{"runtime":45},"_step":19,"auc":69.57}