{"_timestamp":1.741359204482972e+09,"_runtime":33.499076,"_step":9,"_wandb":{"runtime":33},"auc":67.47,"acc":6.29}