{"auc":70,"acc":52.08,"_wandb":{"runtime":52},"_timestamp":1.7416216037568212e+09,"_runtime":52.8946163,"_step":19}