{"doa":55.85,"_timestamp":1.741102832993563e+09,"_runtime":466.4403069,"_step":9,"_wandb":{"runtime":466},"auc":76.1,"acc":81.44}