{"_wandb":{"runtime":26},"auc":50,"acc":3.92,"_timestamp":1.741258132029469e+09,"_runtime":26.1511957,"_step":9}