{"_wandb":{"runtime":53},"_timestamp":1.7416217408964527e+09,"_runtime":53.1315289,"_step":19,"auc":70.93,"acc":52.42}