{"_runtime":44.3812125,"_step":19,"_wandb":{"runtime":44},"auc":67.95,"acc":21.67,"_timestamp":1.7416238149057386e+09}