{"_step":9,"_wandb":{"runtime":24},"auc":49.85,"acc":6.29,"_timestamp":1.7412772530081375e+09,"_runtime":24.5858071}