{"auc":70.1,"acc":49.35,"_timestamp":1.7419598778166552e+09,"_runtime":45.930074,"_step":19,"_wandb":{"runtime":45}}