{"_timestamp":1.741624634981779e+09,"_runtime":53.8311322,"_step":19,"auc":68.6,"_wandb":{"runtime":53},"acc":49.38}