{"_wandb":{"runtime":53},"acc":48.75,"_timestamp":1.7416214459810653e+09,"_runtime":53.5261205,"_step":19,"auc":69.57}