{"_runtime":24.1542181,"_step":9,"_wandb":{"runtime":24},"auc":49.86,"acc":6.29,"_timestamp":1.7412747603601608e+09}