{"acc":19.9,"_timestamp":1.7416134164222174e+09,"_runtime":48.1261613,"_wandb":{"runtime":48},"_step":19,"auc":49.91}