{"_timestamp":1.7416143718862941e+09,"_wandb":{"runtime":47},"_runtime":47.8558974,"_step":19,"auc":49.49,"acc":20.04}