{"_wandb":{"runtime":6},"auc":50.2,"acc":3.92,"_timestamp":1.7412523713806858e+09,"_runtime":6.7394126,"_step":0}