{"_timestamp":1.7416245294585593e+09,"_runtime":44.2547992,"_wandb":{"runtime":44},"_step":19,"auc":63.28,"acc":21.5}