{"_runtime":29.0871373,"_step":9,"_wandb":{"runtime":29},"auc":67.47,"acc":52.35,"_timestamp":1.741359460829842e+09}