{"_wandb":{"runtime":26},"_step":9,"auc":50,"acc":3.92,"_timestamp":1.7412582590760174e+09,"_runtime":26.1404984}